business_name,website,city,country,email,phone,instagram,linkedin_company_url,linkedin_person_url,linkedin_source,decision_maker_name,decision_maker_title,decision_maker_email,decision_maker_phone,decision_source_url,decision_source_type,decision_confidence,score,notes,google_maps_url,quality_recommendation,quality_grade,market_role,quality_reason,lat,lon
Sprachreisen für Schüler nach Bournemouth,https://www.travelworks.de/sprachreisen/schueler/england/bournemouth.html,,DE,info@travelworks.de; kfroechling@travelworks.de; beschwerde@versicherungsombudsmann.de; kontakt@mlbf-barrierefrei.de,01.01.2026; 01.10.2021; 02.04.2025; 0251-98209; 03.03.2023; 09.08.2026; 16.08.2026; 19.02.2026; 251-98209; 30.06.2026; 31.12.2026; 31.12.2027; 32 48155; 0800 3696000; 0800 3699000; 176250249; (0211) 8553451; +49 391 567 6970; 25 40219; 28.01.2026,https://instagram.com/travelworks.official; instagram.com/travelworks.highschool; instagram.com/travelworks.official; https://www.instagram.com/travelworks.official,https://de.linkedin.com/company/travelplus-group,,Apify contact scraping,,,,,,,,20,"google_search_title: Sprachreisen für Schüler nach Bournemouth | description: Sprachreisen für Erwachsene 16-99 J. Au Pair · Erlebnisreisen · Schüleraustausch · Sprachferien für Schüler 8-17 J. Summer School. Quicklinks. Veranstaltungen ... | query: ""Sprachreisen"" Schüler England Anbieter || ""Schüleraustausch"" England Agentur || ""Jugendreisen"" Sprachreise England | rank: 10",,Keep,A,Outbound youth education / study travel source-market lead,"Search result matched targeted source-market terms: sprachreisen, schüleraustausch.",51.1657,10.4515
Séjour Linguistique en famille pour Ados et Jeunes,https://www.englishforsuccess.fr/page/sejour-adolescent,,FR,info@englishforsuccess.fr,06 68 47 23; 1777212822; 1777212643; 1777212728; 1769470481; 1769470478; 1769470487; 1769470475; 1769470491; 1769470529; 1769470515; 1715716787; 1720700697; 1776419207; 1776187853; 1772531790; 1738161804; 1776099087; 1775824397; 7720611132; 210-426428; 1775128524; 91637141; 1776187828; 1775760945; 1776090151; 1765896087; 1776185063; 1775677399; 1771315290; 6676-4418; 1775941748; 1765887687; 1775761029; 1765886912; 1770683722; 1765892617; 1765895518; 1775134821; 1776158817; 1770296119; 1774625842; 1774627417; 1717747441,https://www.instagram.com/english.forsuccess,,https://www.linkedin.com/in/fiona-durand-73a0699,Apify contact scraping,,,,,,,,20,"google_search_title: Séjour Linguistique en famille pour Ados et Jeunes | description: Nos séjours linguistiques en anglais ne sont pas réservés qu'aux plus jeunes. Chez English For Success, les adultes et professionnels vivent une immersion ... | query: ""séjours linguistiques"" angleterre jeunes organisme || ""voyages scolaires"" angleterre agence || ""colonie"" anglais étranger adolescents | rank: 9",,Keep,A,Outbound youth education / study travel source-market lead,"Search result matched targeted source-market terms: séjours linguistiques, séjour linguistique.",46.2276,2.2137
Séjour linguistique Ado Lycéen 15-18 ans,https://www.nacel.fr/sejour-linguistique/sejour-jeunes,,FR,nacel@nacel.fr,+33565765525,https://www.instagram.com/nacelfrance,https://www.linkedin.com/company/nacel,,Apify contact scraping,,,,,,,,20,"google_search_title: Séjour linguistique Ado Lycéen 15-18 ans | description: Séjours linguistiques pour lycéens avec Nacel (15-18 ans): séjours encadrés ou individuels, plus de 20 destinations, cours de langue pour ados, ... | query: ""séjours linguistiques"" angleterre jeunes organisme || ""voyages scolaires"" angleterre agence || ""colonie"" anglais étranger adolescents | rank: 3",,Keep,A,Outbound youth education / study travel source-market lead,"Search result matched targeted source-market terms: séjours linguistiques, séjour linguistique.",46.2276,2.2137
Student Ways – For International Education,https://student-ways.com,,PK,info@student-ways.com,+923018275939; +02135886653,https://www.instagram.com/student_ways; https://www.instagram.com/luqmanthekhan,https://www.linkedin.com/company/studentways,https://www.linkedin.com/in/luqmanthekhan,Apify contact scraping,,,,,,,,20,"google_search_title: Student Ways – For International Education | description: study in uk - study abroad consultant in karachi. United Kingdom. ezgif. USA ... For many students in Pakistan, the dream of studying abroad often feels ...Read more | query: ""UK study abroad consultant"" Pakistan students || ""educational travel agency"" Pakistan students || ""summer camp abroad"" Pakistan students | rank: 4",,Keep,A,Outbound youth education / study travel source-market lead,"Search result matched targeted source-market terms: study abroad, international education.",30.3753,69.3451
Study Abroad Consultants in Rahim Yar Khan,https://paragoneducation.pk/study-abroad-consultants-rahim-yar-khan,,PK,info@paragoneducation.com,+923108133871,https://www.instagram.com/paragoneducation.pk,https://www.linkedin.com/company/paragon-overseas-education,,Apify contact scraping,,,,,,,,20,"google_search_title: Study Abroad Consultants in Rahim Yar Khan | description: Whether you seek for USA study abroad consultant, or a UK study abroad consultant, Paragon Overseas Education knows how to take the lead. Give Paragon ...Read more | query: ""UK study abroad consultant"" Pakistan students || ""educational travel agency"" Pakistan students || ""summer camp abroad"" Pakistan students | rank: 7",,Keep,A,Outbound youth education / study travel source-market lead,"Search result matched targeted source-market terms: study abroad, overseas education.",30.3753,69.3451
Singapore Educational Tour & School Trips Operator,https://ipcgroup.com.sg/school-2,,SG,enquiry@ipcgroup.com.sg,+6563385772; +6591474907,https://www.instagram.com/ipcgroup.1,https://www.linkedin.com/company/ipc-group-singapore,,Apify contact scraping,,,,,,,,20,"google_search_title: Singapore Educational Tour & School Trips Operator | description: Educational Tour & School Trip Operator. Learning Experience. *Elevate Your ... Licensed Overseas Educational Trips. As experts in international ...Read more | query: ""student educational tour"" Singapore UK || ""UK study tour"" Singapore students || ""school trip operator"" Singapore overseas | rank: 1",,Keep,A,Outbound youth education / study travel source-market lead,"Search result matched targeted source-market terms: school trip, overseas education.",1.3521,103.8198
Séjour Linguistique Ado,https://www.clc.fr/sejour-linguistique/profils/lyceens,,FR,clc@clc.fr; sejours@clc.fr; etudiants@clc.fr; cnil@clc.fr; x.obert@goandlive.com,+33565775021; +33565775022,https://www.instagram.com/clc_sejour_linguistique,,,,,,,,,,,19,"google_search_title: Séjour Linguistique Ado - Cours de langues pour Lycéen - CLC | description: CLC, Club Langues et Civilisations : séjours linguistiques angleterre & europe ... Les séjours linguistiques individuels pour les jeunes à partir de 16 ans. | query: ""séjours linguistiques"" angleterre jeunes organisme || ""voyages scolaires"" angleterre agence || ""colonie"" anglais étranger adolescents | rank: 7",,Keep,A,Outbound youth education / study travel source-market lead,"Search result matched targeted source-market terms: séjours linguistiques, séjour linguistique.",46.2276,2.2137
イギリスサマースクール: ホーム,https://robin-guardian.com,,JP,info@robinedu.com; csi@nifty.com; flexitravelstudy@gmail.com,092-844-4572,https://www.instagram.com/robineducationltd,,,,,,,,,,,19,"google_search_title: イギリスサマースクール: ホーム | description: 夏休みの小学生中学生高校生短期留学を現地時人が完全サポート イギリスサマー ... イギリス留学を現地にて しっかりサポート 致します。 イギリスでのサマー ... | query: ""イギリス留学"" エージェント 中学生 || ""短期留学"" イギリス 高校生 || ""海外サマーキャンプ"" 英語 | rank: 10",,Keep,A,Outbound youth education / study travel source-market lead,"Search result matched targeted source-market terms: 留学, 短期留学.",36.2048,138.2529
イギリス・アイルランドの短期留学コース,https://www.ryugaku.co.jp/short/course/gbir,,JP,rj-futai@ryugaku.co.jp; rj-pr@ryugaku.co.jp; rj-webmaster@ryugaku.co.jp; rj-online@ryugaku.co.jp; rj-careerbiz@ryugaku.co.jp,0120890987; 0120-890-987; 0353124421; 0522498894; 0647977821; 0927178821,https://www.instagram.com/ryugakujournal,,,,,,,,,,,19,"google_search_title: イギリス・アイルランドの短期留学コース - 留学ジャーナル | description: イギリス、アイルランドの短期留学コース一覧です。ロンドン、ダブリンなど、人気のエリアにある評判の良い語学学校とコース内容をご紹介。50年以上かけて培った海外 ... | query: ""イギリス留学"" エージェント 中学生 || ""短期留学"" イギリス 高校生 || ""海外サマーキャンプ"" 英語 | rank: 2",,Keep,A,Outbound youth education / study travel source-market lead,"Search result matched targeted source-market terms: 留学, 短期留学.",36.2048,138.2529
イギリス留学,https://www.lets.ecc.jp/country/uk,,JP,ryugaku@ecc.co.jp,03-5338-9144; 052-561-0146; 06-6131-1446; 543-1234,https://www.instagram.com/eccgoabroad,,,,,,,,,,,19,"google_search_title: イギリス留学 | 海外留学・ホームステイするなら【ECC海外 ... | description: 海外留学・ホームステイするならECC。 1週間の短期留学から1年を超える長期留学まで好評受付中！ 説明会・セミナーはこちら 資料閲覧はこちら 留学相談 ... | query: ""イギリス留学"" エージェント 中学生 || ""短期留学"" イギリス 高校生 || ""海外サマーキャンプ"" 英語 | rank: 6",,Keep,A,Outbound youth education / study travel source-market lead,"Search result matched targeted source-market terms: 留学, 短期留学.",36.2048,138.2529
イングリッシュスポット英会話学校（English Spot）｜Kids留学,https://www.es-osaka.com,,JP,info@es-osaka.com,06-6977-2630; 06-6764-7785,https://www.instagram.com/englishspot_osaka,,,,,,,,,,,19,"google_search_title: イングリッシュスポット英会話学校（English Spot）｜Kids留学 | description: 海外サマーキャンプ. Overseas summer camp · サマーキャンプの思い出 サマーキャンプ参加者の生徒さんからバンクーバーでの思い出を聞いてみました！ | query: ""イギリス留学"" エージェント 中学生 || ""短期留学"" イギリス 高校生 || ""海外サマーキャンプ"" 英語 | rank: 9",,Keep,A,Outbound youth education / study travel source-market lead,"Search result matched targeted source-market terms: summer camp, 留学, 海外サマーキャンプ.",36.2048,138.2529
海外 サマーキャンプ｜小中学生・高校生対象の短期留学 ...,https://www.ask-ec.com/summer_camp.html,,JP,info@ask-ec.com; ask.summerschool@gmail.com; info@ask-e.com,176-0002,,,,,,,,,,,,19,"google_search_title: 海外 サマーキャンプ｜小中学生・高校生対象の短期留学 ... | description: ネイティブの子供達と過ごす海外サマーキャンプのご紹介。日本人スタッフ在住だから初めての留学でも安心！お子様だけでご参加頂ける全寮制キャンプです。英語の ... | query: ""イギリス留学"" エージェント 中学生 || ""短期留学"" イギリス 高校生 || ""海外サマーキャンプ"" 英語 | rank: 5",,Keep,A,Outbound youth education / study travel source-market lead,"Search result matched targeted source-market terms: 留学, 短期留学, 海外サマーキャンプ.",36.2048,138.2529
Séjour linguistique Angleterre enfant & ado,https://www.action-sejours.com/sejour-linguistique-adolescent-et-enfant/angleterre,,FR,,0145309191,https://www.instagram.com/actionsejours,https://fr.linkedin.com/company/action-sejours1,,Apify contact scraping,,,,,,,,18,"google_search_title: Séjour linguistique Angleterre enfant & ado - Immersion au ... | description: Conçus pour les plus jeunes, nos séjours linguistiques en Angleterre pour enfants de 6 à 9 ans privilégient l'approche ludique et la bienveillance. Tout est ... | query: ""séjours linguistiques"" angleterre jeunes organisme || ""voyages scolaires"" angleterre agence || ""colonie"" anglais étranger adolescents | rank: 5",,Keep,A,Outbound youth education / study travel source-market lead,"Search result matched targeted source-market terms: séjours linguistiques, séjour linguistique.",46.2276,2.2137
Séjour linguistique ado (7-17 ans),https://www.esl.fr/fr/programmes/camps-juniors,,FR,,+33155421012; +33540246635; +33359810333; +33478283956; +33493803647,https://www.instagram.com/esl.sejourslinguistiques; https://www.instagram.com/esl_education,https://www.linkedin.com/company/esleducation,,Apify contact scraping,,,,,,,,18,"google_search_title: Séjour linguistique ado (7-17 ans) | description: Jeunes étudiants. Séjours linguistiques amusants et immersifs à l'étranger. ESL Juniors. Summer camps ESL : Colonie de vacances été pour enfants et adolescents. | query: ""séjours linguistiques"" angleterre jeunes organisme || ""voyages scolaires"" angleterre agence || ""colonie"" anglais étranger adolescents | rank: 1",,Keep,A,Outbound youth education / study travel source-market lead,"Search result matched targeted source-market terms: summer camp, séjours linguistiques, séjour linguistique.",46.2276,2.2137
Séjour linguistique en Angleterre pour adolescents et adultes,https://www.verdiehello.com/sejours/pays/angleterre.html,,FR,,05 65 77 10,https://www.instagram.com/verdiehello,https://www.linkedin.com/company/verdie-hello,,Apify contact scraping,,,,,,,,18,"google_search_title: Séjour linguistique en Angleterre pour adolescents et adultes | description: Découvrez nos séjours linguistiques en Angleterre pour adolescents, étudiants et adultes. Partez pour un voyage linguistique en Angleterre avec VERDIÉ ... | query: ""séjours linguistiques"" angleterre jeunes organisme || ""voyages scolaires"" angleterre agence || ""colonie"" anglais étranger adolescents | rank: 4",,Keep,A,Outbound youth education / study travel source-market lead,"Search result matched targeted source-market terms: séjours linguistiques, séjour linguistique.",46.2276,2.2137
Summer Camps,https://www.nacel.org/en/summer-camps,,IN,,+16513157880; +443308229918; +352263375370; +16513474580,https://www.instagram.com/nacelinternational; https://www.instagram.com/nacel_educationaltravel,https://www.linkedin.com/company/nacel-international,https://www.linkedin.com/in/celine-gibassier-101258205,Apify contact scraping,,,,,,,,18,"google_search_title: Summer Camps | description: Improve your language skills by enjoying a safe and fun summer camp abroad with Nacel! Book a study abroad summer camp overseas for teens.Read more | query: ""UK study abroad consultant"" students India || ""school educational tour"" operator India || ""summer camp abroad"" students India | rank: 1",,Keep,A,Outbound youth education / study travel source-market lead,"Search result matched targeted source-market terms: study abroad, summer camp.",20.5937,78.9629
イギリス高校留学,https://www.efjapan.co.jp/pg/koukou-ryugaku/uk,,JP,,+05017431430; 05017431430,,https://www.linkedin.com/company/ef-education-first,,Apify contact scraping,,,,,,,,18,"google_search_title: イギリス高校留学 - 短期の語学留学や高校正規留学にも | description: イギリス高校留学はEFへ。イギリスで本場の英語を学び、世界中の高校生とお友達になりませんか？2週間からの短期留学や海外進学準備コースなど、高校生のイギリス留学 ... | query: ""イギリス留学"" エージェント 中学生 || ""短期留学"" イギリス 高校生 || ""海外サマーキャンプ"" 英語 | rank: 1",,Keep,A,Outbound youth education / study travel source-market lead,"Search result matched targeted source-market terms: 留学, 短期留学.",36.2048,138.2529
SLT Tours: International Youth Sports & Educational Tours ...,https://slttours.co.uk,,AE,AlexWood@slttours.co.uk; AshleyYoung@slttours.co.uk; BeckyPowell@slttours.co.uk; Des@slttours.co.uk; HaydenCurtis@slttours.co.uk; Info@slttours.co.uk; JackRoper@slttours.co.uk; JakeTarbotton@slttours.co.uk; JamesClarke@slttours.co.uk; Jamie@slttours.co.uk; JennieThomson@slttours.co.uk; JessChew@slttours.co.uk; LeeAshforth@slttours.co.uk; LinseyAndrews@slttours.co.uk; LukeBooth@slttours.co.uk; Matthew@slttours.co.uk; SunilSharma@slttours.co.uk; WilliamWilson@slttours.co.uk,+443303904140; 03303904140; 03330124361,https://www.instagram.com/slttours,https://www.linkedin.com/company/slttours,,Apify contact scraping,,,,,,,,17,"google_search_title: SLT Tours: International Youth Sports & Educational Tours ... | description: ... educational travel agency. Select your country to explore... Andorra, Austria, Belgium, Bulgaria, Colombia, Croatia, Dubai, France, Germany, Holland, Iceland ...Read more | query: ""UK study abroad consultant"" UAE students || ""school trip operator"" UAE UK || ""educational travel agency"" Dubai students | rank: 5",,Keep,B,Outbound youth education / study travel source-market lead,Search result matched targeted source-market terms: educational travel.,23.4241,53.8478
Study Abroad,https://www.amsteroverseas.com/StudyAbroad/UK,,AE,info@amsteroverseas.com; info@amsteroverseas.ae; hrplacement@amsteroverseas.in; info@dlschool.online,919066555666,https://www.instagram.com/amsteroverseas,https://www.linkedin.com/company/amster-immigration,,Apify contact scraping,,,,,,,,17,"google_search_title: Study Abroad | description: ... students achieve their dreams. Amster Immigration is a UK study abroad consultant that provides a range of services to international students who wish to ...Read more | query: ""UK study abroad consultant"" UAE students || ""school trip operator"" UAE UK || ""educational travel agency"" Dubai students | rank: 2",,Keep,B,Outbound youth education / study travel source-market lead,Search result matched targeted source-market terms: study abroad.,23.4241,53.8478
English Zone One,https://www.englishuk.com/partner-agency-directory,,AU,info@3esse.com; info@academicfamilies.com; info@academix.com.tr; info@academlux.com; leonor@cursosaccess.com; info@activestudyuk.com; martaarderiu@where-what.com; zislam@ahzassociates.co.uk; kate@ahlameducation.com; business@directksa.com; contact@allterra.ru; Study@alsarh.com.sa; info@angelstream.com; andras@angolnyar.hu; info@armadagrandee.com; info@atava.co.uk; sinem@atlasedu.com; info@ausoniaviaggi.it; contato@beeducation.tur.br; advisor@bestparents.com; info@englishuk.com; roz@englishuk.com; press@englishuk.com,+39 033 118314; +44 131 331 3317; +90 21224994; +375292331155; +58-412-264544; +44 78094062; +34 93 414223; +44 20 737796; +96 89947370; +966115122170; 812 3136445; 2343-8074; +96 61149411; 727 2920330; 07523385655; +90 850 480 46; +44 20 365132; +902122495310; 0039091585555; 01405900; +55 11 328601; 12132923306; +44 20 7608 7960; 1108792; 5120951,,https://www.linkedin.com/company/english-uk,,Apify contact scraping,,,,,,,,17,"google_search_title: English Zone One | description: English Zone One (EZO) is a language travel agency with a full-service ... Its primary source of students is from Middle Eastern and North African (MENA) ...Read more | query: ""school educational tour operator"" UK Australia || ""student travel education provider"" Australia || ""language travel agency"" students Australia | rank: 8",,Keep,B,Outbound youth education / study travel source-market lead,Search result matched targeted source-market terms: language travel.,-25.2744,133.7751
Language travel agency: complete support,https://catch-up-education.com/en/our-services-and-programs,,AU,support@catch-up-education.com; info@designagency.com,+61 449 262 770; 62 26 95 70,https://www.instagram.com/catchupeducation,,https://www.linkedin.com/in/sylvain-lolley-87305255,Apify contact scraping,,,,,,,,17,"google_search_title: Language travel agency: complete support | description: Catch-Up Education, a leading language travel agency, offers comprehensive services and programs to turn your dream of studying abroad into a concrete reality.Read more | query: ""school educational tour operator"" UK Australia || ""student travel education provider"" Australia || ""language travel agency"" students Australia | rank: 2",,Keep,B,Outbound youth education / study travel source-market lead,Search result matched targeted source-market terms: language travel.,-25.2744,133.7751
Agencias de estudios en el exterior,https://viajesyviajesestudios.com/agencias-de-estudios-en-el-exterior,,CO,info@viajesyviajes.com; info@viajesyviajesestudios.com,+573245938720; (604) 4756420; 573245938720; (601) 7450488; 316 5695297; 304 296 33 67; 60956036; (606) 3489710; 3505813722; 3013812060; 394 5391; 993 508855; 263 0028; 993478082; 99 5032520; (511) 243 65; 955 363 402; 945421268; 155 32048979; 900041392; 20600209532,https://www.instagram.com/estudiosenelexterior,https://www.linkedin.com/company/viajes-y-viajes-experience,,Apify contact scraping,,,,,,,,17,"google_search_title: Agencias de estudios en el exterior - En Colombia | description: Programas más buscados. Cursos de inglés en el exterior; Estudios técnicos y profesionales; Programas de intercambio; Estudio y trabajo. ""Estudiar y trabajar en ... | query: ""inglés en el exterior"" jóvenes Colombia agencia || ""campamentos de verano"" Reino Unido Colombia || ""viajes educativos"" estudiantes exterior Colombia | rank: 8",,Keep,B,Outbound youth education / study travel source-market lead,Search result matched targeted source-market terms: cursos de inglés.,4.5709,-74.2973
Campamento de verano en Reino Unido,https://boardingschoolsabroad.com/programas/campamentos-de-verano/campamento-verano-reino-unido,,CO,hello@boardingschoolsabroad.com,+34 686 309 155,https://www.instagram.com/boarding_schools_abroad,https://www.linkedin.com/company/boarding-schools-abroad-ltd,,Apify contact scraping,,,,,,,,17,"google_search_title: Campamento de verano en Reino Unido - Boarding School | description: Campamentos de verano en Reino Unido. En Boarding Schools Abroad llevamos más de 10 años ayudando a familias a encontrar el campamento de verano perfecto en ... | query: ""inglés en el exterior"" jóvenes Colombia agencia || ""campamentos de verano"" Reino Unido Colombia || ""viajes educativos"" estudiantes exterior Colombia | rank: 5",,Keep,B,Outbound youth education / study travel source-market lead,Search result matched targeted source-market terms: campamentos de verano.,4.5709,-74.2973
Estudiar Inglés en el exterior,https://globalconnection.com.co/programas/estudiar-ingles-en-el-exterior,,CO,clientes@globalconnection.com.co,3003206018; 3183094035; 6015304168; (601) 6362711; (604) 5299678; +61491047195,https://www.instagram.com/globalconnection,https://www.linkedin.com/company/global-connection-estudios-en-el-exterior,,Apify contact scraping,,,,,,,,17,"google_search_title: Estudiar Inglés en el exterior | description: Nuestros cursos de inglés en el exterior te brindarán una experiencia transformadora, potenciando tus habilidades lingüísticas y abriendo puertas a nivel ... | query: ""inglés en el exterior"" jóvenes Colombia agencia || ""campamentos de verano"" Reino Unido Colombia || ""viajes educativos"" estudiantes exterior Colombia | rank: 2",,Keep,B,Outbound youth education / study travel source-market lead,Search result matched targeted source-market terms: cursos de inglés.,4.5709,-74.2973
Dein Auslandsjahr England,https://www.doiteducation.de/high-school-england,,DE,info@doiteducation.de,+494042937444; 00494042937444,https://www.instagram.com/doiteducation,https://www.linkedin.com/company/do-it-education-gmbh,,Apify contact scraping,,,,,,,,17,"google_search_title: Dein Auslandsjahr England | Do it Education unterstützt | description: Im kostenlosen Beratungsgespräch nehmen wir uns eine Stunde Zeit um mit dir und deinen Eltern deinen Schüleraustausch zu besprechen. Dabei beraten wir dich zu ... | query: ""Sprachreisen"" Schüler England Anbieter || ""Schüleraustausch"" England Agentur || ""Jugendreisen"" Sprachreise England | rank: 7",,Keep,B,Outbound youth education / study travel source-market lead,Search result matched targeted source-market terms: schüleraustausch.,51.1657,10.4515
Schüler Sprachreisen England: Sprachschulen,https://www.dialog.de/sprachreise-schueler/englisch-england,,DE,info@simple-web-solutions.de,+49761286470,https://www.instagram.com/studylingua_de,https://www.linkedin.com/company/studylingua-group,,Apify contact scraping,,,,,,,,17,"google_search_title: Schüler Sprachreisen England: Sprachschulen | DIALOG | description: Bringe Deine Sprachkenntnisse in Form mit unseren international besetzten England Sprachreisen für Schüler im schönen und sicheren Stadtteil London Hampstead! | query: ""Sprachreisen"" Schüler England Anbieter || ""Schüleraustausch"" England Agentur || ""Jugendreisen"" Sprachreise England | rank: 5",,Keep,B,Outbound youth education / study travel source-market lead,Search result matched targeted source-market terms: sprachreisen.,51.1657,10.4515
"Schüleraustausch England, Schottland und Wales",https://www.yfu.de/schueleraustausch/gastlaender/grossbritannien,,DE,lale.grossbritannien@yfu-deutschland.de; austausch@yfu.de; presse@yfu.de; info@yfu.de; feedback@yfu.de; webmaster@yfu.de; roesch@yfu.de; bruns@yfu.de,040 227002; 21.09.2022; 40 22 70 02; 76 21 672206; 320409420; 040 22 700,https://www.instagram.com/yfudeutschland; https://instagram.com/yfudeutschland; www.instagram.com/yfudeutschland; https://www.instagram.com/coloredglasses_yfu,https://www.linkedin.com/company/deutsches-youth-for-understanding-komitee-e-v-; www.linkedin.com/company/deutsches-youth-for-understanding-komitee-e-v-,,Apify contact scraping,,,,,,,,17,"google_search_title: Schüleraustausch England, Schottland und Wales | description: Schüleraustausch Großbritannien: Verbringe ein halbes Schuljahr in England, Schottland oder Wales mit der Organisation Youth For Understanding. | query: ""Sprachreisen"" Schüler England Anbieter || ""Schüleraustausch"" England Agentur || ""Jugendreisen"" Sprachreise England | rank: 3",,Keep,B,Outbound youth education / study travel source-market lead,Search result matched targeted source-market terms: schüleraustausch.,51.1657,10.4515
Sprachreisen 2026 für Jugendliche,https://www.ruf.de/sprachreisen,,DE,info@ruf.de; presse@ruf.de; Beschwerde@versicherungsombudsmann.de,+49521962720; 0521 962720,https://www.instagram.com/rufjugendreisen,https://de.linkedin.com/company/rufjugendreisen,,Apify contact scraping,,,,,,,,17,"google_search_title: Sprachreisen 2026 für Jugendliche | description: Sprachreisen 2026 bei ruf Jugendreisen. Studentenwohnheim oder Gastfamilie? Küstenort oder historische Altstadt? In unserem breiten Angebot ist garantiert ... | query: ""Sprachreisen"" Schüler England Anbieter || ""Schüleraustausch"" England Agentur || ""Jugendreisen"" Sprachreise England | rank: 2",,Keep,B,Outbound youth education / study travel source-market lead,Search result matched targeted source-market terms: sprachreisen.,51.1657,10.4515
Sprachreisen für Kinder und Jugendliche,https://www.panke-sprachreisen.de/sprachreise-jugendliche,,DE,info@panke-sprachreisen.de,+494503898310,https://www.instagram.com/pankesprachreisen.de,https://www.linkedin.com/company/panke-sprachreisen-gmbh,,Apify contact scraping,,,,,,,,17,"google_search_title: Sprachreisen für Kinder und Jugendliche - Europaweit | description: Diese Jugendreisen sind für 13- bis 17-Jährige konzipiert und finden zu verschiedenen Zeiten im Jahr statt, einschließlich Ostern, Pfingsten, Sommer und Herbst. | query: ""Sprachreisen"" Schüler England Anbieter || ""Schüleraustausch"" England Agentur || ""Jugendreisen"" Sprachreise England | rank: 10",,Keep,B,Outbound youth education / study travel source-market lead,Search result matched targeted source-market terms: sprachreisen.,51.1657,10.4515
🎓 England Schüleraustausch – 40 Jahre Erfahrung und 3 ...,https://www.aifs.de/schueleraustausch/england/uebersicht.html,,DE,info@aifs.de; travel@aifs.de; aupairusa@aifs.de; aupair@aifs.de; highschool@aifs.de; camp@aifs.de; studyabroad@aifs.de; ecastillo@aifs.de; info@aifs.at; info@aifs.ch,+4922895730450,https://www.instagram.com/aifs_jointheworld; https://www.instagram.com/aifs_auslandsaufenthalte; https://www.instagram.com/globerocker_official,https://de.linkedin.com/company/aifs-educational-travel,,Apify contact scraping,,,,,,,,17,"google_search_title: 🎓 England Schüleraustausch – 40 Jahre Erfahrung und 3 ... | description: Dein Traum vom Schüleraustausch in England mit AIFS: Orientation Days, gemeinsame Ausreise und individuelle Programme – Classic, Select oder Short Stay! | query: ""Sprachreisen"" Schüler England Anbieter || ""Schüleraustausch"" England Agentur || ""Jugendreisen"" Sprachreise England | rank: 2",,Keep,B,Outbound youth education / study travel source-market lead,Search result matched targeted source-market terms: schüleraustausch.,51.1657,10.4515
10 Voyages scolaires en Angleterre,https://silc.fr/voyages-scolaires/destinations-voyages-scolaires/angleterre-voyages-scolaires,,FR,contact@silc.fr; edina.o@silc.fr; erasmus@silc.fr; minerve.c@silc.fr; voyages.scolaires@silc.fr,0545974160,https://www.instagram.com/silc.france,https://fr.linkedin.com/company/silc-aventures-linguistiques,,Apify contact scraping,,,,,,,,17,"google_search_title: 10 Voyages scolaires en Angleterre | description: Partez en voyages scolaires en Angleterre avec SILC : une immersion culturelle et linguistique pour découvrir Londres, Oxford, Cambridge et bien plus. | query: ""séjours linguistiques"" angleterre jeunes organisme || ""voyages scolaires"" angleterre agence || ""colonie"" anglais étranger adolescents | rank: 3",,Keep,B,Outbound youth education / study travel source-market lead,Search result matched targeted source-market terms: voyages scolaires.,46.2276,2.2137
CCE Voyages,https://ccevoyages.com,,FR,,+33385205485,https://www.instagram.com/ccevoyages,,,,,,,,,,,17,"google_search_title: CCE Voyages - Spécialiste du voyage scolaire depuis 1988 | description: CCE Voyages organise des voyages scolaires et des séjours linguistiques clés en mains pour vos élèves et vos enfants. | query: ""séjours linguistiques"" angleterre jeunes organisme || ""voyages scolaires"" angleterre agence || ""colonie"" anglais étranger adolescents | rank: 9",,Keep,A,Outbound youth education / study travel source-market lead,"Search result matched targeted source-market terms: séjours linguistiques, voyages scolaires.",46.2276,2.2137
Partir en séjour linguistique,https://www.decouvrirlemonde.jeunes.gouv.fr/partir-en-sejour-linguistique-81,,FR,,122232425262728; 141516171819202; 29303132333435; 345678910111213; 102050100,https://www.instagram.com/jeunes.gouv,,,,,,,,,,,17,"google_search_title: Partir en séjour linguistique | Découvrir le monde | description: Qui peut participer ? Âge : les séjours linguistiques sont destinés aux jeunes de 10 à 30 ans. Conditions requises. Être affilié ... | query: ""séjours linguistiques"" angleterre jeunes organisme || ""voyages scolaires"" angleterre agence || ""colonie"" anglais étranger adolescents | rank: 6",,Keep,A,Outbound youth education / study travel source-market lead,"Search result matched targeted source-market terms: séjours linguistiques, séjour linguistique.",46.2276,2.2137
Séjour linguistique en Angleterre,https://www.sejour-linguistique-lec.fr/sejour-linguistique/angleterre,,FR,,01 42 67 75; 158490574,https://www.instagram.com/lec_sejours,,,,,,,,,,,17,"google_search_title: Séjour linguistique en Angleterre | description: Séjours linguistiques avec hébergement en Collège ou résidence. Séjour Collège en Angleterre – Parcours Aventure. 11-14 ans / 14-17 ans – 6ème ... | query: ""séjours linguistiques"" angleterre jeunes organisme || ""voyages scolaires"" angleterre agence || ""colonie"" anglais étranger adolescents | rank: 2",,Keep,A,Outbound youth education / study travel source-market lead,"Search result matched targeted source-market terms: séjours linguistiques, séjour linguistique.",46.2276,2.2137
Séjour linguistique en Angleterre pour adolescents,https://www.ef.fr/pg/sejour-linguistique-ado-angleterre,,FR,,0142614626; +0142614626,,,,,,,,,,,,17,"google_search_title: Séjour linguistique en Angleterre pour adolescents | description: Les organismes proposant des séjours linguistiques en Angleterre pour adolescent sont nombreux. ... Ce voyage linguistique en Angleterre jeune est proposé ... | query: ""séjours linguistiques"" angleterre jeunes organisme || ""voyages scolaires"" angleterre agence || ""colonie"" anglais étranger adolescents | rank: 1",,Keep,A,Outbound youth education / study travel source-market lead,"Search result matched targeted source-market terms: séjours linguistiques, séjour linguistique.",46.2276,2.2137
Séjours linguistiques : Voyages & échanges ...,https://www.cei-voyage.fr/experiences/sejours-linguistiques,,FR,servicegestiondesdonnees@groupe-cei.fr; info@groupe-cei.fr,0143296020; 0299200613,https://www.instagram.com/ceivoyagesjeunes,https://www.linkedin.com/company/cei---centre-d; https://fr.linkedin.com/company/cei---centre-d%27echanges-internationaux,,Apify contact scraping,,,,,,,,17,"google_search_title: Séjours linguistiques : Voyages & échanges ... | description: Découvrez tous les séjours linguistiques du CEI : par âges, thématiques, langues et destinations. Réservez votre voyage avec un organisme labellisé ! | query: ""séjours linguistiques"" angleterre jeunes organisme || ""voyages scolaires"" angleterre agence || ""colonie"" anglais étranger adolescents | rank: 8",,Keep,B,Outbound youth education / study travel source-market lead,Search result matched targeted source-market terms: séjours linguistiques.,46.2276,2.2137
Educationaltouroperator Stories,https://mobile.wattpad.com/stories/educationaltouroperator,,IN,press@wattpad.com,1675191393521; 1776366786788; 961-4649-8369; 462591850367401; 336042005250656; 14261210; 30.909091; 94946289; 1595878448471; 1596137875368; 1595878464551; 8646837,https://instagram.com/wattpad; https://www.instagram.com/wattpad; https://www.instagram.com/lifeatwattpad,https://www.linkedin.com/company/wattpad,,Apify contact scraping,,,,,,,,17,"google_search_title: Educationaltouroperator Stories | description: School Tour Operator | School Trip Operator | School Educational Tour by armaantour. 1. School Tour Operator | School Trip Operator | School Educational Tour. | query: ""UK study abroad consultant"" students India || ""school educational tour"" operator India || ""summer camp abroad"" students India | rank: 10",,Keep,B,Outbound youth education / study travel source-market lead,Search result matched targeted source-market terms: school trip.,20.5937,78.9629
Globeducate International Summer Camps,https://www.globeducate.com/international-experiences/summer-camps,,IN,info@globeducate.com; communications@globeducate.com; marc.gauvin@blytheducation.com; jbradshaw@torontoprepschool.com; veronique.martinet@globeducate.fr; anitha@tipsglobal.org; dalila.pagano@globeducate.com; cristina.moran@globeducate.com; aniol.javaloyes@globeducate.com; S.Burns@stonarschool.com; laura.efford@ics.uk.net,2019-2022,https://www.instagram.com/globeducate,https://www.linkedin.com/company/globeducate,,Apify contact scraping,,,,,,,,17,"google_search_title: Globeducate International Summer Camps | description: Get set for an incredible summer camp abroad at one of our world-class boarding schools in Andorra, Cyprus, Spain or the UK.Globeducate International Summer ...Read more | query: ""UK study abroad consultant"" students India || ""school educational tour"" operator India || ""summer camp abroad"" students India | rank: 7",,Keep,B,Outbound youth education / study travel source-market lead,Search result matched targeted source-market terms: summer camp.,20.5937,78.9629
Study in UK Consultants in Vadodara,https://www.edmaster.co/study-abroad/study-in-uk-consultant-vadodara,,IN,hello@edmaster.co; applications@edmaster.co,+917226933337; +917226933336,https://www.instagram.com/edmasterindia,https://www.linkedin.com/company/edmaster-ltd,,Apify contact scraping,,,,,,,,17,"google_search_title: Study in UK Consultants in Vadodara | EdMaster | description: As UK Study Abroad Consultant EdMaster, we assist students in identifying suitable scholarships, preparing strong applications, and meeting deadlines. Top ...Read more | query: ""UK study abroad consultant"" students India || ""school educational tour"" operator India || ""summer camp abroad"" students India | rank: 7",,Keep,B,Outbound youth education / study travel source-market lead,Search result matched targeted source-market terms: study abroad.,20.5937,78.9629
Study in UK for Indian Students,https://www.elevateroutes.com/uk,,IN,info@elevateroutes.com,149487254080627; 160302513372449; +91 91719; 505308015996575; 933089128285660; +91 91719400,https://www.instagram.com/elevate_routes,https://www.linkedin.com/company/elevateroutes,,Apify contact scraping,,,,,,,,17,"google_search_title: Study in UK for Indian Students | description: Elevate Routes, a trusted UK study abroad consultant, provides expert guidance for Indian students to study in UK, covering admissions, visas, ... | query: ""UK study abroad consultant"" students India || ""school educational tour"" operator India || ""summer camp abroad"" students India | rank: 2",,Keep,B,Outbound youth education / study travel source-market lead,Search result matched targeted source-market terms: study abroad.,20.5937,78.9629
小学生の海外サマーキャンプ・英語短期留学ならトビーズ ...,https://hajimeteryugaku.com,,JP,,045-869-5800; 0458695800,https://www.instagram.com/english.village.paju; https://www.instagram.com/su.zan.355; https://www.instagram.com/mybodwellsummer,,,,,,,,,,,17,"google_search_title: 小学生の海外サマーキャンプ・英語短期留学ならトビーズ ... | description: 小学生が海外サマーキャンプに参加する6つのメリット ; メリット1. 会話力の向上 ; メリット2. 感性以上の発達 ; メリット3. 異文化理解と国際感覚の育成 ; メリット4. | query: ""イギリス留学"" エージェント 中学生 || ""短期留学"" イギリス 高校生 || ""海外サマーキャンプ"" 英語 | rank: 6",,Keep,A,Outbound youth education / study travel source-market lead,"Search result matched targeted source-market terms: 留学, 短期留学, 海外サマーキャンプ.",36.2048,138.2529
海外サマーキャンプ・短期留学基本ガイド,https://www.junior-ryugaku.net/camp,,JP,,0120036733,,,,,,,,,,,,17,"google_search_title: 海外サマーキャンプ・短期留学基本ガイド | description: 海外サマーキャンプとは、主に海外の全寮制（ボーディング）スクールを舞台に、世界中の小学生、中学生、高校生を対象とした留学プログラムです。夏休みの間、空いている ... | query: ""イギリス留学"" エージェント 中学生 || ""短期留学"" イギリス 高校生 || ""海外サマーキャンプ"" 英語 | rank: 1",,Keep,A,Outbound youth education / study travel source-market lead,"Search result matched targeted source-market terms: 留学, 短期留学, 海外サマーキャンプ.",36.2048,138.2529
ترجمة و معنى المعسكر الصيفي في قاموس المعاني عربي انجليزي,https://www.almaany.com/ar/dict/ar-en/%D8%A7%D9%84%D9%85%D8%B9%D8%B3%D9%83%D8%B1-%D8%A7%D9%84%D8%B5%D9%8A%D9%81%D9%8A,,SA,,2010-2026; 10 11 12 13,,,,,,,,,,,,17,"google_search_title: ترجمة و معنى المعسكر الصيفي في قاموس المعاني عربي انجليزي | description: ترجمة و معنى المعسكر الصيفي في قاموس المعاني عربي انجليزي ; مخيم صيفي؛ معسكر صيفي · summer camp ... | query: ""دراسة في بريطانيا"" مكتب طلاب || ""معسكر صيفي انجليزي"" طلاب || ""ابتعاث طلاب"" بريطانيا مكتب | rank: 9",,Keep,A,Outbound youth education / study travel source-market lead,"Search result matched targeted source-market terms: summer camp, معسكر صيفي.",23.8859,45.0792
Education,https://growuniqueinternational.com/about.html,,AE,growuniqueinternational@gmail.com,+919037532249,,,,,,,,,,,,16,"google_search_title: Education - grow unique | description: Have 100 % visa success rate. Contact us. uk study abroad consultant near me. AIR TICKETING. Helps in booking the flight with affordable fare and comfortable ...Read more | query: ""UK study abroad consultant"" UAE students || ""school trip operator"" UAE UK || ""educational travel agency"" Dubai students | rank: 4",,Keep,B,Outbound youth education / study travel source-market lead,Search result matched targeted source-market terms: study abroad.,23.4241,53.8478
Wanderlust Educational Travel Agency,https://www.tigres-vsa.com/sponsors/wanderlust,,AE,soccer@tigres-vsa.com,212283773; 1749854836611; 778 953 5391; 0079780; 8079321; 1712694897961; 1719854490474; 90134392; 2012-2017; 2997-4239; 1709252001069; 1709252001315; 152467026566162; 1709918687016; 1218121; 1709253151144; 1709253156484; 1709253152372; 1734301808970; 1734303157606; 1734303157709; 3254-5509-43; 9933-96602; 174008892; 20240908; 1723604669239; 1000129469; 1734584562599; 1734584562661; 20241216,http://instagram.com/tigresvancouver.academy; https://www.instagram.com/wanderlustcanadaa,,,,,,,,,,,16,"google_search_title: Wanderlust Educational Travel Agency | description: Wanderlust Educational Travel Agency is here to help you achieve your dreams ... Dubai, and Ireland waiting for you! We offer: Study + Work Programs | query: ""UK study abroad consultant"" UAE students || ""school trip operator"" UAE UK || ""educational travel agency"" Dubai students | rank: 4",,Keep,B,Outbound youth education / study travel source-market lead,Search result matched targeted source-market terms: educational travel.,23.4241,53.8478
English Language Company (ELC) Sydney,https://marshallservices.it/en/scuola/vacation-study-english-course-at-elc-sydney,,AU,info@marshallservices.it,+39 06 35 29; +39 06 49 77; 337460543627,https://www.instagram.com/marshall_language_services,,,,,,,,,,,16,"google_search_title: English Language Company (ELC) Sydney | description: Why book with a Language Travel Agency? vacation study english abroad at ... students from continents far from Australia, like Europe and South America.Read more | query: ""school educational tour operator"" UK Australia || ""student travel education provider"" Australia || ""language travel agency"" students Australia | rank: 1",,Keep,B,Outbound youth education / study travel source-market lead,Search result matched targeted source-market terms: language travel.,-25.2744,133.7751
Campamentos de Fútbol en Inglaterra 2026,https://www.ertheo.com/campamentos-futbol-verano-inglaterra.htm,,CO,info@ertheo.com,0018572087249; 0033170849040; 0034902750359; 0034930186626; 0034951204061; 00390287368972; 00442037699442; 00442037699443; 00525541604495; 00576017564047,https://www.instagram.com/ertheo_es,,,,,,,,,,,16,"google_search_title: Campamentos de Fútbol en Inglaterra 2026 | description: Campamentos de verano de fútbol de clubes en Inglaterra · Arsenal Football Development · Campamento de fútbol Tottenham Hotspurs · Chelsea FC Campamento de Fútbol. | query: ""inglés en el exterior"" jóvenes Colombia agencia || ""campamentos de verano"" Reino Unido Colombia || ""viajes educativos"" estudiantes exterior Colombia | rank: 10",,Keep,B,Outbound youth education / study travel source-market lead,Search result matched targeted source-market terms: campamentos de verano.,4.5709,-74.2973
Campamentos de verano e invierno,https://www.travelearners.com.co/services/campamentos-verano,,CO,info@travelearners.com,6017702853,https://www.instagram.com/travelearners,,,,,,,,,,,16,"google_search_title: Campamentos de verano e invierno | description: Campamentos de Verano e Invierno en el exterior para jóvenes entre los 14 y ... Ofrecemos programas en Canadá, Estados Unidos, Europa y Reino Unido. | query: ""inglés en el exterior"" jóvenes Colombia agencia || ""campamentos de verano"" Reino Unido Colombia || ""viajes educativos"" estudiantes exterior Colombia | rank: 9",,Keep,B,Outbound youth education / study travel source-market lead,Search result matched targeted source-market terms: campamentos de verano.,4.5709,-74.2973
Finde deine Sprachreise 2026,https://www.jugendwerk-awo-reisen.de/sprachreisen,,DE,support@jugendwerk-awo-reisen.de,0049 711,,,,,,,,,,,,16,"google_search_title: Finde deine Sprachreise 2026 | description: ... Jugendreisen Ferienspiele und Kinderfreizeiten ohne Übernachtung Familienfreizeiten Bildungsangebote und Seminare Internationale Jugendbegegnungen Sprachreisen. | query: ""Sprachreisen"" Schüler England Anbieter || ""Schüleraustausch"" England Agentur || ""Jugendreisen"" Sprachreise England | rank: 4",,Keep,B,Outbound youth education / study travel source-market lead,Search result matched targeted source-market terms: sprachreisen.,51.1657,10.4515
Schüleraustausch in England,https://www.stepin.de/schueleraustausch-england,,DE,info@stepin.de; beschwerde@versicherungsombudsmann.de,27.04.2026; 79548133; 06.02.2024; 16.10.2023; 13.10.2023; 14745008; 29.09.2023; 25.09.202310; 5424375764054; 3265186; 042972816570; 068932554; 6790328; 0228-71005; 0800 36960000; 0800 36990000; 206263025; 228 22840; 228 71005; 14.05.2025; 26515365; 04.06.2024; 31.05.2024; 13.05.2024; 18497564; 842886600842625; 0247705; 26.09.2026; 8609-1800; 10.03.2026; 14.01.2026; 19.12.2025; 416927761; 18.12.2025; 81039050; 6001-768; 70422341; 17.04.2024; 7309271; 21.03.2024; 18.03.2024; 15.02.2024; 06.05.2024; 17.01.2024; 388-1920; 16.01.2024; 5596017; 08.01.2024,https://www.instagram.com/mystepin,,,,,,,,,,,16,"google_search_title: Schüleraustausch in England - Stepin | description: Bei unserem Schüleraustausch in England erlebst du die Insel auf ganz authentische Art und Weise. Du wohnst nicht im Internat, sondern bei einer herzlichen ... | query: ""Sprachreisen"" Schüler England Anbieter || ""Schüleraustausch"" England Agentur || ""Jugendreisen"" Sprachreise England | rank: 4",,Keep,B,Outbound youth education / study travel source-market lead,Search result matched targeted source-market terms: schüleraustausch.,51.1657,10.4515
Sprachreisen nach England mit GO Jugendreisen,https://www.go-jugendreisen.de/england.html,,DE,info@go-jugendreisen.de; jugendreisen@govoyage.de; beschwerde@versicherungsombudsmann.de; datenschutz@voyage-gruppenreisen.de; info@voyage-gruppenreisen.de,+495237890821,https://www.instagram.com/gojugendreisen,,,,,,,,,,,16,"google_search_title: Sprachreisen nach England mit GO Jugendreisen | description: Englisch lernen mit GO Jugendreisen an der schönen Südküste von England. Intensiv und hoher Praxisbezug. Verbessere dein Englisch mit einer Sprachreise. | query: ""Sprachreisen"" Schüler England Anbieter || ""Schüleraustausch"" England Agentur || ""Jugendreisen"" Sprachreise England | rank: 1",,Keep,B,Outbound youth education / study travel source-market lead,Search result matched targeted source-market terms: sprachreisen.,51.1657,10.4515
Wie du gute Schüleraustausch Organisationen erkennst ...,https://www.aufindiewelt.de/detail/schueleraustausch-england-wie-du-gute-schueleraustausch-organisationen-erkennst-und-findest,,DE,aussteller@aufindiewelt.de,1998-2026; 09.05.2026; 30.05.2026; 4102 67 84 89,https://www.instagram.com/aufindiewelt,,,,,,,,,,,16,"google_search_title: Wie du gute Schüleraustausch Organisationen erkennst ... | description: England ist das beliebteste Ziel für den Schüleraustausch in Europa. Das ist kein Wunder: Dase britische Bildungssystem ist eines der besten weltweit. | query: ""Sprachreisen"" Schüler England Anbieter || ""Schüleraustausch"" England Agentur || ""Jugendreisen"" Sprachreise England | rank: 5",,Keep,B,Outbound youth education / study travel source-market lead,Search result matched targeted source-market terms: schüleraustausch.,51.1657,10.4515
Angleterre,https://www.voyage-scolaire.fr/categorie-produit/pays/angleterre,,FR,voyage-scolaire@clc.fr,+33565775000; +33565775077; +33565775076; +33565775074; +33565775073; +33565775039,,,,,,,,,,,,16,"google_search_title: Angleterre - Voyages scolaires - CLC | description: Voyages scolaires en Angleterre pour l'automne 2026 : jusqu'à 2000€ de remise (voir conditions) ! · Voyages scolaires : exemption de l'ETA confirmée pour le ... | query: ""séjours linguistiques"" angleterre jeunes organisme || ""voyages scolaires"" angleterre agence || ""colonie"" anglais étranger adolescents | rank: 8",,Keep,B,Outbound youth education / study travel source-market lead,Search result matched targeted source-market terms: voyages scolaires.,46.2276,2.2137
"Grande-Bretagne, guide de voyage scolaire",https://www.envol-espace.fr/voyages-scolaires/Grande-Bretagne,,FR,infos@envol-espace.fr; al@envol-espace.fr,+33258230636,,,,,,,,,,,,16,"google_search_title: Grande-Bretagne, guide de voyage scolaire | description: Une permanence téléphonique 24h/24 et 7j/7 pendant votre séjour. En savoir +. Une expérience depuis 1984 dans l'organisation de voyages scolaires. En savoir + ... | query: ""séjours linguistiques"" angleterre jeunes organisme || ""voyages scolaires"" angleterre agence || ""colonie"" anglais étranger adolescents | rank: 2",,Keep,B,Outbound youth education / study travel source-market lead,Search result matched targeted source-market terms: voyages scolaires.,46.2276,2.2137
Organiser un voyage ou un échange scolaire,https://www.britishcouncil.fr/education/ecoles/partenariats/mobilite,,FR,contact@britishcouncil.fr; communications@britishcouncil.fr,847 719 473; 01 49 55 73; 01 87 21 88,https://www.instagram.com/britishcouncilfr,,,,,,,,,,,16,"google_search_title: Organiser un voyage ou un échange scolaire | description: Depuis le 28 décembre 2023, les voyages scolaires entre la France et le Royaume-Uni sont facilités pour les élèves âgés de moins de 19 ans : les élèves français ... | query: ""séjours linguistiques"" angleterre jeunes organisme || ""voyages scolaires"" angleterre agence || ""colonie"" anglais étranger adolescents | rank: 5",,Keep,B,Outbound youth education / study travel source-market lead,Search result matched targeted source-market terms: voyages scolaires.,46.2276,2.2137
Voyage scolaire en Angleterre pour lycéens,https://www.asl-linguistique.com/voyage-scolaire-angleterre-lyceens.html,,FR,delete@asl-linguistique.com; webmaster@asl-linguistique.com,+33556083323,https://www.instagram.com/asl_sejours_linguistiques,,,,,,,,,,,16,"google_search_title: Voyage scolaire en Angleterre pour lycéens | description: ASL propose cette année une sélection de voyages scolaires en Angleterre pour lycéens dans lesquels on passe moins de temps dans le bus et plus, ... | query: ""séjours linguistiques"" angleterre jeunes organisme || ""voyages scolaires"" angleterre agence || ""colonie"" anglais étranger adolescents | rank: 10",,Keep,B,Outbound youth education / study travel source-market lead,Search result matched targeted source-market terms: voyages scolaires.,46.2276,2.2137
study tour pelajar sma panca budi ke bangkok dan pattaya ...,https://pancabudi.sch.id/detil/STUDY_TOUR_PELAJAR_SMA_PANCA_BUDI_KE_BANGKOK_DAN_PATTAYA_THAILAND_810zC,,ID,medsos_gupab@pancabudi.sch.id,08116300044; 22-02-2017; 13-09-2022,https://www.instagram.com/perguruan_pancabudi,,,,,,,,,,,16,"google_search_title: study tour pelajar sma panca budi ke bangkok dan pattaya ... | description: STUDY TOUR PELAJAR SMA PANCA BUDI KE BANGKOK DAN PATTAYA, THAILAND. Untuk menambah wawasan para siswa tentang pengetahuan akan budaya bangsa-bangsa lain ... | query: ""konsultan studi Inggris"" siswa || ""summer camp bahasa Inggris"" luar negeri || ""study tour pelajar"" luar negeri | rank: 5",,Keep,B,Outbound youth education / study travel source-market lead,Search result matched targeted source-market terms: study tour.,-0.7893,113.9213
Dream Travel and Study – Education. Find schools ...,https://dreamtravelstudy.com,,IN,info@dreamtravelstudy.com,447733937015; +447733937015,,,,,,,,,,,,16,"google_search_title: Dream Travel and Study – Education. Find schools ... | description: Upon arrival at a summer camp abroad, children are tested and assigned to a group corresponding to their level. As a rule, language camps operate on the ...Read more | query: ""UK study abroad consultant"" students India || ""school educational tour"" operator India || ""summer camp abroad"" students India | rank: 2",,Keep,B,Outbound youth education / study travel source-market lead,Search result matched targeted source-market terms: summer camp.,20.5937,78.9629
Heera Holiday Tours & Travels: EDUCATIONAL TOUR,https://heeraholiday.in,,IN,info@heeraholiday.in; heeraholiday@gmail.com; bhanudasgavhane87@gmail.com,7558316915; 8793666563; 9921223044,https://www.instagram.com/heeraholiday21,,,,,,,,,,,16,"google_search_title: Heera Holiday Tours & Travels: EDUCATIONAL TOUR | description: YOUR FAVOURITE SCHOOL EDUCATIONAL TOUR OPERATOR. At the Heera Holiday Tour and Travel Company, we have you covered when it comes to school trips. Educational ...Read more | query: ""UK study abroad consultant"" students India || ""school educational tour"" operator India || ""summer camp abroad"" students India | rank: 2",,Keep,B,Outbound youth education / study travel source-market lead,Search result matched targeted source-market terms: school trip.,20.5937,78.9629
영국 어학연수,https://sguhakedu.com/uk-language-school,,KR,,,,,,,,,,,,,,16,"google_search_title: 영국 어학연수 | description: 영국 어학연수 어학원. SG유학원은 학생 개개인의 학습 목표, 예산, 희망 지역에 맞춰 최적의 어학원과 대학부설 프로그램을 제안합니다. 조건부 입학, 자격증 과정 ... | query: ""영국 어학연수"" 유학원 학생 || ""청소년 해외 영어 캠프"" || ""해외 교육 여행"" 학생 | rank: 6",,Keep,A,Outbound youth education / study travel source-market lead,"Search result matched targeted source-market terms: 어학연수, 유학원.",35.9078,127.7669
Agence Babel,https://www.ialc.org/agency/agence-babel,,AU,,+41 22 321 62; +44 1227 769007; 09158586; 1929-2005,https://instagram.com/ialc.languages; https://www.instagram.com/dnivalenciaa,https://www.linkedin.com/company/ialc-international-association-of-language-centres,https://uk.linkedin.com/in/jane-dancaster-5b2093a; https://www.linkedin.com/in/alexandraborgessousa; https://www.linkedin.com/in/anna-diaz-48569a294; https://www.linkedin.com/in/blanca-roters-coca-29a493108; https://www.linkedin.com/in/darren-conway-a261839; https://www.linkedin.com/in/justin-quinn-20939b14,Apify contact scraping,,,,,,,,15,"google_search_title: Agence Babel | Language Travel Agency in Nyon | description: Agence Babel is an independent Swiss language travel agency based in Nyon, specialising in language stays and academic programmes abroad for young people ... | query: ""school educational tour operator"" UK Australia || ""student travel education provider"" Australia || ""language travel agency"" students Australia | rank: 6",,Keep,B,Outbound youth education / study travel source-market lead,Search result matched targeted source-market terms: language travel.,-25.2744,133.7751
Agents for: The English Language Centre (ELC) Chester,https://www.quality-english.com/agent-school/the-english-language-centre-elc-chester,,AU,,+4401491828960,https://www.instagram.com/qualityenglish,https://www.linkedin.com/company/quality-english,https://www.linkedin.com/in/jonathan-swindell-8899b035; https://www.linkedin.com/in/kathigerth; https://www.linkedin.com/in/romy29; https://www.linkedin.com/in/carolynblackmore; https://www.linkedin.com/in/timothyblake; https://www.linkedin.com/in/valery-cullen-73973565; https://www.linkedin.com/in/sean-legault-58b43625; https://www.linkedin.com/in/garth-younghusband-65923626,Apify contact scraping,,,,,,,,15,"google_search_title: Agents for: The English Language Centre (ELC) Chester | description: Small World is a professional language travel agency based in Lucerne, specializing in personalized guidance for students and professionals seeking to study ...Read more | query: ""school educational tour operator"" UK Australia || ""student travel education provider"" Australia || ""language travel agency"" students Australia | rank: 3",,Keep,B,Outbound youth education / study travel source-market lead,Search result matched targeted source-market terms: language travel.,-25.2744,133.7751
Cursos de idiomas e técnicos no intercâmbio,https://informationplanet.com.br/cursos,,BR,,+55 11 5186; 07.160.033,https://www.instagram.com/informationplanet,https://www.linkedin.com/company/informationplanet,,Apify contact scraping,,,,,,,,15,"google_search_title: Cursos de idiomas e técnicos no intercâmbio | description: Descubra o que se encaixa melhor no seu. Existem diversas opções de cursos para uma viagem educacional, inglês geral, especializações e graduações. | query: ""intercâmbio adolescentes"" Reino Unido || ""cursos de inglês no exterior"" jovens agência || ""viagem educacional"" estudantes exterior | rank: 10",,Keep,B,Outbound youth education / study travel source-market lead,Search result matched targeted source-market terms: intercâmbio.,-14.235,-51.9253
Programas de Intercâmbio de Idiomas para Jovens e ...,https://www.sprachcaffe.com/portuguese/jovens-escolher-escola.htm,,BR,,+552120423891; +35625701000,https://www.instagram.com/sprachcaffe_br; https://www.instagram.com/sprachcaffe,https://www.linkedin.com/company/sprachcaffe,,Apify contact scraping,,,,,,,,15,"google_search_title: Programas de Intercâmbio de Idiomas para Jovens e ... | description: ... Cursos de inglês no exterior · Cursos de espanhol no exterior · Cursos de francês no exterior · Cursos de alemão no exterior · Cursos de italiano no exterior. | query: ""intercâmbio adolescentes"" Reino Unido || ""cursos de inglês no exterior"" jovens agência || ""viagem educacional"" estudantes exterior | rank: 3",,Keep,B,Outbound youth education / study travel source-market lead,Search result matched targeted source-market terms: intercâmbio.,-14.235,-51.9253
Sprachreisen für Schüler:innen nach England & Schottland,https://www.gls-sprachenzentrum.de/90_schuelersprachreise_england.html,,DE,,+493078008970; 00493078008910,https://www.instagram.com/gls_teens_worldwide; https://www.instagram.com/gls_berlin; https://www.instagram.com/gls_sprachreisen,https://de.linkedin.com/company/gls-sprachenzentrum,,Apify contact scraping,,,,,,,,15,"google_search_title: Sprachreisen für Schüler:innen nach England & Schottland | description: Schülersprachreisen nach England mit GLS - Englisch Sprachreisen mit Gastfamilie und Internat, in allen Schulferien. | query: ""Sprachreisen"" Schüler England Anbieter || ""Schüleraustausch"" England Agentur || ""Jugendreisen"" Sprachreise England | rank: 4",,Keep,B,Outbound youth education / study travel source-market lead,Search result matched targeted source-market terms: sprachreisen.,51.1657,10.4515
Unsere Sprachreisen nach England,https://www.sprachcaffe.de/sprachschulen-england.htm,,DE,,+49696109120; +4969610912,https://www.instagram.com/sprachcaffe,https://www.linkedin.com/company/sprachcaffe,,Apify contact scraping,,,,,,,,15,"google_search_title: Unsere Sprachreisen nach England | description: Englisch lernen, britisches Flair genießen! » Für Erwachsene · » Für Schüler. Unsere Sprachreisen nach England. | query: ""Sprachreisen"" Schüler England Anbieter || ""Schüleraustausch"" England Agentur || ""Jugendreisen"" Sprachreise England | rank: 6",,Keep,B,Outbound youth education / study travel source-market lead,Search result matched targeted source-market terms: sprachreisen.,51.1657,10.4515
Voyage scolaire en Angleterre,https://www.mije.com/voyage-scolaire/angleterre,,FR,,+33142742345; +330142742345,https://www.instagram.com/mijemarais,https://www.linkedin.com/company/mije,,Apify contact scraping,,,,,,,,15,"google_search_title: Voyage scolaire en Angleterre - Programmes pédagogiques | description: Les voyages scolaires en Angleterre sont adaptés aux élèves de collège et de lycée. Ils permettent d'aborder différentes thématiques pédagogiques, notamment les ... | query: ""séjours linguistiques"" angleterre jeunes organisme || ""voyages scolaires"" angleterre agence || ""colonie"" anglais étranger adolescents | rank: 1",,Keep,B,Outbound youth education / study travel source-market lead,Search result matched targeted source-market terms: voyages scolaires.,46.2276,2.2137
Intercâmbio inglês,https://www.ef.edu.pt/pg/intercambio/ingles,,BR,,213173470; +213173470,,,,,,,,,,,,14,"google_search_title: Intercâmbio inglês | description: Oferecemos os melhores pacotes de intercâmbio e cursos de inglês no exterior! O inglês é considerado o idioma oficial do mundo, por isso fazer um ... | query: ""intercâmbio adolescentes"" Reino Unido || ""cursos de inglês no exterior"" jovens agência || ""viagem educacional"" estudantes exterior | rank: 7",,Keep,B,Outbound youth education / study travel source-market lead,Search result matched targeted source-market terms: intercâmbio.,-14.235,-51.9253
que é e como funciona?,https://www.ef.com.br/pg/intercambio,,BR,,1121229000; +1121229000,,,,,,,,,,,,14,"google_search_title: que é e como funciona? | Escolas de intercâmbio no exterior | description: Um intercâmbio é uma viagem educacional, cultural ou profissional que permite que o aluno, de qualquer idade, viaje para outro país para estudar por um ... | query: ""intercâmbio adolescentes"" Reino Unido || ""cursos de inglês no exterior"" jovens agência || ""viagem educacional"" estudantes exterior | rank: 1",,Keep,B,Outbound youth education / study travel source-market lead,Search result matched targeted source-market terms: intercâmbio.,-14.235,-51.9253
Campamentos de verano en Inglaterra,https://www.ef.com.co/pg/campamentos-verano/inglaterra,,CO,,6015802743; +6015802743,,,,,,,,,,,,14,"google_search_title: Campamentos de verano en Inglaterra | description: Campamentos de verano en Inglaterra ⛺️☀️. 60 años de experiencia nos avalan. EF te ofrece campamento de verano en Inglaterra con miles de actividades (surf, ... | query: ""inglés en el exterior"" jóvenes Colombia agencia || ""campamentos de verano"" Reino Unido Colombia || ""viajes educativos"" estudiantes exterior Colombia | rank: 1",,Keep,B,Outbound youth education / study travel source-market lead,Search result matched targeted source-market terms: campamentos de verano.,4.5709,-74.2973
England Sprachreisen Schüler: 12,https://www.sprachreisen.de/schueler/englisch/england,,DE,,6221 8900; 162 322 248; 89 00 100; 89 00 120; 89 00 130; 89 00 200; 01.05.2026; 03.05.2026; 04.05.2026; 05.05.2026; 06.05.2026; 26.04.2026; 27.04.2026; 28.04.2026; 29.04.2026; 30.04.2026,https://www.instagram.com/istsprachreisen,,,,,,,,,,,14,"google_search_title: England Sprachreisen Schüler: 12 - 17 Jahre | description: Sprachreisen für Schüler nach England. Die Programme von iSt Sprachreisen bieten die perfekte Mischung aus Sprachenlernen, kultureller Entdeckung und spannenden ... | query: ""Sprachreisen"" Schüler England Anbieter || ""Schüleraustausch"" England Agentur || ""Jugendreisen"" Sprachreise England | rank: 2",,Keep,B,Outbound youth education / study travel source-market lead,Search result matched targeted source-market terms: sprachreisen.,51.1657,10.4515
High School Exchange,https://icxchange.de,,DE,,1998-2026; 16-182612; 0441 92398; 441 92398; 01.03.2025; 26.04.2025; 15.10.2025; 21.11.2025; 23.11.2025; 12.02.2026,,,,,,,,,,,,14,"google_search_title: High School Exchange - Schüleraustausch | description: High School ENGLAND mit Start in LONDON! Schüleraustausch High School England. Du möchtest für ein, zwei Trimester oder für ein halbes Schuljahr nach England? | query: ""Sprachreisen"" Schüler England Anbieter || ""Schüleraustausch"" England Agentur || ""Jugendreisen"" Sprachreise England | rank: 8",,Keep,B,Outbound youth education / study travel source-market lead,Search result matched targeted source-market terms: schüleraustausch.,51.1657,10.4515
Jugendsprachreisen,https://www.ef.de/pg/jugendsprachreisen,,DE,,021168857000; +021168857000,,,,,,,,,,,,14,"google_search_title: Jugendsprachreisen | Sprachreisen für Jugendliche | description: Vom vibranten London bis hin zum künsterlichen Bristol und der modernen Küstenstadt Brighton - wir haben Jugendreisen nach England für jedes Alter und Interesse ... | query: ""Sprachreisen"" Schüler England Anbieter || ""Schüleraustausch"" England Agentur || ""Jugendreisen"" Sprachreise England | rank: 6",,Keep,B,Outbound youth education / study travel source-market lead,Search result matched targeted source-market terms: sprachreisen.,51.1657,10.4515
Schüleraustausch & Auslandsjahr,https://www.give-highschool.de,,DE,,+496221389350; 06221389350,https://www.instagram.com/givehighschool,,,,,,,,,,,14,"google_search_title: Schüleraustausch & Auslandsjahr | GIVE High School | description: Dein Schüleraustausch mit GIVE: Erlebe ein unvergessliches Auslandsjahr » High School Aufenthalt und Inforveranstaltungen - Sichere jetzt deinen Platz ? | query: ""Sprachreisen"" Schüler England Anbieter || ""Schüleraustausch"" England Agentur || ""Jugendreisen"" Sprachreise England | rank: 10",,Keep,B,Outbound youth education / study travel source-market lead,Search result matched targeted source-market terms: schüleraustausch.,51.1657,10.4515
Voyage scolaire Angleterre,https://www.verdieopenclass.com/sejours/pays/angleterre.html,,FR,,05 65 77 10; +33800108008,http://www.instagram.com/verdieopenclass,,,,,,,,,,,14,"google_search_title: Voyage scolaire Angleterre | description: Voyages scolaires en Angleterre à Brighton, Londres, Liverpool, Oxford, Portsmouth… Devis gratuit auprès de nos conseillers. | query: ""séjours linguistiques"" angleterre jeunes organisme || ""voyages scolaires"" angleterre agence || ""colonie"" anglais étranger adolescents | rank: 6",,Keep,B,Outbound youth education / study travel source-market lead,Search result matched targeted source-market terms: voyages scolaires.,46.2276,2.2137
Voyage scolaire à l'étranger : Londres,https://www.sejours-educatifs.org/vv/voyage-scolaire/sejour-scolaire-angleterre-londres-33582,,FR,,000033338774,,,,,,,,,,,,14,"google_search_title: Voyage scolaire à l'étranger : Londres | description: L'Angleterre multifacette Angleterre. Oxford Angleterre ... Voyages scolaires à l'étranger Voyages scolaires éducatifs Conditions particulières à l'étranger. | query: ""séjours linguistiques"" angleterre jeunes organisme || ""voyages scolaires"" angleterre agence || ""colonie"" anglais étranger adolescents | rank: 7",,Keep,B,Outbound youth education / study travel source-market lead,Search result matched targeted source-market terms: voyages scolaires.,46.2276,2.2137
"Didemo Pelaku Pariwisata, Dedi Mulyadi Tetap Larang ...",https://mediaindonesia.com/jabar/berita/793799/didemo-pelaku-pariwisata-dedi-mulyadi-tetap-larang-study-tour-pelajar,,ID,,+0215821303; +0215820476,https://www.instagram.com/mediaindonesia,,,,,,,,,,,14,"google_search_title: Didemo Pelaku Pariwisata, Dedi Mulyadi Tetap Larang ... | description: Didemo Pelaku Pariwisata, Dedi Mulyadi Tetap Larang Study Tour Pelajar Study tour pelajar ke Candi Prambanan, Yogyakarta. Gubernur Jawa ... | query: ""konsultan studi Inggris"" siswa || ""summer camp bahasa Inggris"" luar negeri || ""study tour pelajar"" luar negeri | rank: 7",,Keep,B,Outbound youth education / study travel source-market lead,Search result matched targeted source-market terms: study tour.,-0.7893,113.9213
Summer camp 2026,https://www.ef.com/wwen/pg/summer-camp,,IN,,0041434304150; +0041434304150; 005072146000; 00971523294807; 02073418777; +005072146000; +00971523294807,,,,,,,,,,,,14,"google_search_title: Summer camp 2026 | International language camps | description: Go on a summer camp abroad with EF ⛺️☀️! Our summer camps include language classes in the mornings and all kinds of sports and cultural activities in the ...Read more | query: ""UK study abroad consultant"" students India || ""school educational tour"" operator India || ""summer camp abroad"" students India | rank: 3",,Keep,B,Outbound youth education / study travel source-market lead,Search result matched targeted source-market terms: summer camp.,20.5937,78.9629
EG-UKイギリス留学センター,https://www.eg-uk.com,,JP,,2018.12.14; 2024.06.17; 2025.12.24; 2025.12.10; +44-1273-771545; 2234 4190,https://www.instagram.com/eg.uk.ltd,,,,,,,,,,,14,"google_search_title: EG-UKイギリス留学センター | description: 現地日本人エージェントが幅広くあなたのイギリス留学をバックアップします！ ... 中学生・高校生 · 大学生 · 社会人・シニア · ブログ · 資料請求 · お問い合わせ · お ... | query: ""イギリス留学"" エージェント 中学生 || ""短期留学"" イギリス 高校生 || ""海外サマーキャンプ"" 英語 | rank: 3",,Keep,B,Outbound youth education / study travel source-market lead,Search result matched targeted source-market terms: 留学.,36.2048,138.2529
Kens Academic ケンズ・アカデミック,https://kensacademic.com,,JP,,2026.04.25; 2026.04.17; 2026.04.10; 2026.03.27,https://www.instagram.com/kensacademic,,,,,,,,,,,14,"google_search_title: Kens Academic ケンズ・アカデミック | 小中高校生のイギリス ... | description: 個別カウンセリング、学校選びから滞在中・留学後の進路サポートまで。お子様のイギリス留学をサポートするために、私たちはご家族に寄り添い、一貫したサポートを提供し ... | query: ""イギリス留学"" エージェント 中学生 || ""短期留学"" イギリス 高校生 || ""海外サマーキャンプ"" 英語 | rank: 4",,Keep,B,Outbound youth education / study travel source-market lead,Search result matched targeted source-market terms: 留学.,36.2048,138.2529
イギリスの中学・高校教育制度｜中学生のための正規留学,https://www.iss-ryugakulife.com/junior/academy/uk,,JP,,0120981588,https://www.instagram.com/ryugakulife,,,,,,,,,,,14,"google_search_title: イギリスの中学・高校教育制度｜中学生のための正規留学 | description: 高校生になってからイギリス留学を考えた場合は、GCE-Aレベルからスタートする ... ISS留学ライフ｜Z会グループの留学エージェント／10万人以上のサポート実績 ... | query: ""イギリス留学"" エージェント 中学生 || ""短期留学"" イギリス 高校生 || ""海外サマーキャンプ"" 英語 | rank: 7",,Keep,B,Outbound youth education / study travel source-market lead,Search result matched targeted source-market terms: 留学.,36.2048,138.2529
Sprachreisen England Jugendreisen 2026,https://juvigo.de/feriencamps/sprachreisen-england-jugendreisen,,DE,,,,,,,,,,,,,,13,"google_search_title: Sprachreisen England Jugendreisen 2026 | description: Sprachreisen England Jugendreisen bieten Jugendlichen eine Kombination aus intensivem Englischunterricht und kulturellen Aktivitäten. | query: ""Sprachreisen"" Schüler England Anbieter || ""Schüleraustausch"" England Agentur || ""Jugendreisen"" Sprachreise England | rank: 5",,Keep,B,Outbound youth education / study travel source-market lead,Search result matched targeted source-market terms: sprachreisen.,51.1657,10.4515
Séjours linguistiques Angleterre ado 2026,https://juvigo.fr/colos/sejours-linguistiques-ado-angleterre,,FR,,,,,,,,,,,,,,13,"google_search_title: Séjours linguistiques Angleterre ado 2026 - Juvigo | description: La durée des séjours linguistiques Angleterre ado varie généralement entre une à deux semaines, en fonction des programmes et des préférences familiales. | query: ""séjours linguistiques"" angleterre jeunes organisme || ""voyages scolaires"" angleterre agence || ""colonie"" anglais étranger adolescents | rank: 10",,Keep,B,Outbound youth education / study travel source-market lead,Search result matched targeted source-market terms: séjours linguistiques.,46.2276,2.2137
Séjours linguistiques en campus international et famille d' ...,https://www.telligo.fr/colonies-de-vacances-linguistiques-anglais,,FR,,,,,,,,,,,,,,13,"google_search_title: Séjours linguistiques en campus international et famille d' ... | description: Teignmouth, campus international dès 11 ans. Cette colonie de vacances linguistique est située dans la petite station balnéaire Teignmouth. Votre enfant sera ... | query: ""séjours linguistiques"" angleterre jeunes organisme || ""voyages scolaires"" angleterre agence || ""colonie"" anglais étranger adolescents | rank: 10",,Keep,B,Outbound youth education / study travel source-market lead,Search result matched targeted source-market terms: séjours linguistiques.,46.2276,2.2137
中学生のイギリス留学。長期のボーディングスクールと短期 ...,https://schoolwith.me/columns/33522,,JP,,,,,,,,,,,,,,13,"google_search_title: 中学生のイギリス留学。長期のボーディングスクールと短期 ... | description: LINEを登録し、ご相談にお進み ... | query: ""イギリス留学"" エージェント 中学生 || ""短期留学"" イギリス 高校生 || ""海外サマーキャンプ"" 英語 | rank: 8",,Keep,B,Outbound youth education / study travel source-market lead,Search result matched targeted source-market terms: 留学.,36.2048,138.2529
小学生 中学生 高校生のイギリス留学エージェント｜Watanabe ...,https://woffice.jp,,JP,,,,,,,,,,,,,,13,"google_search_title: 小学生 中学生 高校生のイギリス留学エージェント｜Watanabe ... | description: イギリス留学に関する膨大な知識と経験を持つ渡邊オフィスだけ！ 長い留学生活の中で起こるあらゆる不安と悩みにも常に寄り添います。 Read more. | query: ""イギリス留学"" エージェント 中学生 || ""短期留学"" イギリス 高校生 || ""海外サマーキャンプ"" 英語 | rank: 1",,Keep,B,Outbound youth education / study travel source-market lead,Search result matched targeted source-market terms: 留学.,36.2048,138.2529
海外サマーキャンプ｜小学生〜高校生向け夏休みプログラム,https://www.wintechjapan.com/purpose/junior-study-abroad-dot-net/camp,,JP,,,,,,,,,,,,,,13,"google_search_title: 海外サマーキャンプ｜小学生〜高校生向け夏休みプログラム | description: 海外サマーキャンプを英語レッスン＋アクティビティプランを国別で紹介。初めての小学生〜高校生でも安心のサポート体制。 | query: ""イギリス留学"" エージェント 中学生 || ""短期留学"" イギリス 高校生 || ""海外サマーキャンプ"" 英語 | rank: 2",,Keep,B,Outbound youth education / study travel source-market lead,Search result matched targeted source-market terms: 海外サマーキャンプ.,36.2048,138.2529
添乗員同行〕2025年夏！JAL直行便で行く 海外サマーキャンプ,https://www.jal.co.jp/jp/ja/intltour/study-abroad/summer,,JP,,,,,,,,,,,,,,13,"google_search_title: 添乗員同行〕2025年夏！JAL直行便で行く 海外サマーキャンプ | description: 国際感覚と英語力の向上各国の参加者と一緒に英語を学ぶことで、国際感覚が養われます。 ... 海外サマーキャンプは、大学の施設やキャンパス、語学学校を利用しながら語学 ... | query: ""イギリス留学"" エージェント 中学生 || ""短期留学"" イギリス 高校生 || ""海外サマーキャンプ"" 英語 | rank: 3",,Keep,B,Outbound youth education / study travel source-market lead,Search result matched targeted source-market terms: 海外サマーキャンプ.,36.2048,138.2529
International House London,https://www.sauk.co.kr/schools/1,,KR,,,,,,,,,,,,,,13,"google_search_title: International House London - 영국 어학연수 학교 | description: 전체 학생 수 350명; 클래스당 학생 수 14명; 수업종류 일반영어, IELTS ... 영국어학연수 준비부터 귀국까지! 한국 & 영국에서 함께하는 멀티서포트. 뉴스레터 ... | query: ""영국 어학연수"" 유학원 학생 || ""청소년 해외 영어 캠프"" || ""해외 교육 여행"" 학생 | rank: 7",,Keep,B,Outbound youth education / study travel source-market lead,Search result matched targeted source-market terms: 어학연수.,35.9078,127.7669
어학연수학교검색,https://www.ukcentre.co.kr/uk-language-school,,KR,,,,,,,,,,,,,,13,"google_search_title: 어학연수학교검색 - 영국유학센터 | description: 영국어학연수 검색된 학교 82개 · ELC 체스터 ELC Chester · ES 런던 ES London · IH 런던 International House (IH) London · IPC 엑시터 IPC Exeter · 뉴 컬리지 그룹 리버풀 ... | query: ""영국 어학연수"" 유학원 학생 || ""청소년 해외 영어 캠프"" || ""해외 교육 여행"" 학생 | rank: 2",,Keep,B,Outbound youth education / study travel source-market lead,Search result matched targeted source-market terms: 어학연수.,35.9078,127.7669
영국 어학연수 수속 절차 안내,https://www.ukuhak.com/school-map/process_els,,KR,,,,,,,,,,,,,,13,"google_search_title: 영국 어학연수 수속 절차 안내 | description: 영국 어학연수 수속 절차 안내 · Step 1 – 1:1 맞춤 컨설팅 · Step 2. 학교 및 과정 결정 및 수속 보증금 납부 · Step 3. 학교 서류 전달 · Step 4. 학비 및 숙소비 납부 · Step ... | query: ""영국 어학연수"" 유학원 학생 || ""청소년 해외 영어 캠프"" || ""해외 교육 여행"" 학생 | rank: 9",,Keep,B,Outbound youth education / study travel source-market lead,Search result matched targeted source-market terms: 어학연수.,35.9078,127.7669
영국어학 ...,https://www.myukuni.com/language,,KR,,,,,,,,,,,,,,13,"google_search_title: 영국어학 ... - 부산 영국유학전문 MY UK UNI (마이유케이유니) | description: ​[Language Course 영국 어학연수] ... 영국 비자법상 영국에서 어학연수는 일반적으로 최대 11개월까지 가능합니다.아래는 영국유학전문 MY UK UNI (마이 유케이 유니) 에서 ... | query: ""영국 어학연수"" 유학원 학생 || ""청소년 해외 영어 캠프"" || ""해외 교육 여행"" 학생 | rank: 5",,Keep,B,Outbound youth education / study travel source-market lead,Search result matched targeted source-market terms: 어학연수.,35.9078,127.7669
Campamento de verano en un Internado en Inglaterra. 8 a ...,https://www.cursoenelextranjero.com/cursos-para-jovenes/cursos-de-verano/cursos-ingles-jovenes/inglaterra/campamento-de-verano-en-un-internado-en-inglaterra-8-a-17-anos,,MX,,,,,,,,,,,,,,13,"google_search_title: Campamento de verano en un Internado en Inglaterra. 8 a ... | description: Descubre todos nuestros programas en el extranjero. CURSOS Y CAMPAMENTOS DE VERANO · Campamentos con curso de INGLÉS · Campamentos con curso de FRANCÉS ... | query: ""cursos de inglés en el extranjero"" jóvenes México || ""campamentos de verano"" Reino Unido jóvenes || ""viajes educativos"" Reino Unido estudiantes | rank: 6",,Keep,B,Outbound youth education / study travel source-market lead,Search result matched targeted source-market terms: campamentos de verano.,23.6345,-102.5528
Campamentos de actividades para toda la familia en ...,https://where-what.com/cursos/idiomas-para-toda-la-familia/ingles-para-familias/campamento-familiar,,MX,,,,,,,,,,,,,,13,"google_search_title: Campamentos de actividades para toda la familia en ... | description: Curso de verano para jóvenes. Cursos de verano en el extranjero para jóvenes · Young Adults de 16 a 22 años · Campamentos de verano en inglés. Curso en el ... | query: ""cursos de inglés en el extranjero"" jóvenes México || ""campamentos de verano"" Reino Unido jóvenes || ""viajes educativos"" Reino Unido estudiantes | rank: 9",,Keep,B,Outbound youth education / study travel source-market lead,Search result matched targeted source-market terms: campamentos de verano.,23.6345,-102.5528
Campamentos de verano en Inglaterra,https://mundojoven.com/estudios/campamentos/campamentos-de-verano-en-inglaterra,,MX,,,,,,,,,,,,,,13,"google_search_title: Campamentos de verano en Inglaterra | description: ¿Cuáles son los mejores campamentos de verano en Inglaterra para adolescentes? · Kings Camps: Ofrece una amplia gama de actividades, desde deportes hasta arte y ... | query: ""cursos de inglés en el extranjero"" jóvenes México || ""campamentos de verano"" Reino Unido jóvenes || ""viajes educativos"" Reino Unido estudiantes | rank: 1",,Keep,B,Outbound youth education / study travel source-market lead,Search result matched targeted source-market terms: campamentos de verano.,23.6345,-102.5528
Campamentos de verano en Inglaterra,https://www.ef.com.mx/pg/campamentos-verano/inglaterra,,MX,,,,,,,,,,,,,,13,"google_search_title: Campamentos de verano en Inglaterra | description: Disponibles para niños y jóvenes. Con tanta variedad, es imposible tener un precio fijo para tus campamentos de verano en Inglaterra. No es lo mismo quedarte 2 ... | query: ""cursos de inglés en el extranjero"" jóvenes México || ""campamentos de verano"" Reino Unido jóvenes || ""viajes educativos"" Reino Unido estudiantes | rank: 2",,Keep,B,Outbound youth education / study travel source-market lead,Search result matched targeted source-market terms: campamentos de verano.,23.6345,-102.5528
Campamentos de verano en Inglaterra,https://www.alpadia.com/es/campamentos-idiomas/ingles/inglaterra,,MX,,,,,,,,,,,,,,13,"google_search_title: Campamentos de verano en Inglaterra | description: Únete a nuestros campamentos de inglés en el Reino Unido, ideales para jóvenes de entre 10 y 17 años ... Campamentos de verano para juniors y adolescentes (de 8 a ... | query: ""cursos de inglés en el extranjero"" jóvenes México || ""campamentos de verano"" Reino Unido jóvenes || ""viajes educativos"" Reino Unido estudiantes | rank: 5",,Keep,B,Outbound youth education / study travel source-market lead,Search result matched targeted source-market terms: campamentos de verano.,23.6345,-102.5528
Campamentos de verano en Reino Unido,https://californiae-languageinstitute.com/campamentos-verano-reino-unido-ingles,,MX,,,,,,,,,,,,,,13,"google_search_title: Campamentos de verano en Reino Unido | Inglés + experiencia | description: Campamentos de verano en Reino Unido para jóvenes. Inglés, convivencia internacional y desarrollo personal en entornos seguros. | query: ""cursos de inglés en el extranjero"" jóvenes México || ""campamentos de verano"" Reino Unido jóvenes || ""viajes educativos"" Reino Unido estudiantes | rank: 8",,Keep,B,Outbound youth education / study travel source-market lead,Search result matched targeted source-market terms: campamentos de verano.,23.6345,-102.5528
Cursos de Inglés en el extranjero,https://www.esl-idiomas.com/es/cursos-idiomas/ingles,,MX,,,,,,,,,,,,,,13,"google_search_title: Cursos de Inglés en el extranjero | description: Cursos de inglés en el extranjero adaptados a tus preferencias, ¡con asistencia experta en cada paso del proceso! Encuentra el destino de tus sueños. Contacta ... | query: ""cursos de inglés en el extranjero"" jóvenes México || ""campamentos de verano"" Reino Unido jóvenes || ""viajes educativos"" Reino Unido estudiantes | rank: 7",,Keep,B,Outbound youth education / study travel source-market lead,Search result matched targeted source-market terms: cursos de inglés.,23.6345,-102.5528
Cursos de idiomas en el extranjero,https://language4you.com,,MX,,,,,,,,,,,,,,13,"google_search_title: Cursos de idiomas en el extranjero | Language4you | description: Cursos de inglés en el extranjero para grupos escolares. Los programas están dirigidos a estudiantes y profesores que quieren realizar una estancia en el ... | query: ""cursos de inglés en el extranjero"" jóvenes México || ""campamentos de verano"" Reino Unido jóvenes || ""viajes educativos"" Reino Unido estudiantes | rank: 8",,Keep,B,Outbound youth education / study travel source-market lead,Search result matched targeted source-market terms: cursos de inglés.,23.6345,-102.5528
